id,name,email,age
1,Alice Smith,alice@example.com,30
2,Bob Johnson,bob@example.com,25
3,Carol White,carol@example.com,27
4,David Brown,david@example.com,22
5,Emma Wilson,emma@example.com,35
6,Frank Miller,frank@example.com,40
7,Grace Lee,grace@example.com,28
8,Henry Thompson,henry@example.com,33
9,Iris Garcia,iris@example.com,29
10,Jack Martinez,jack@example.com,24
11,Karen Robinson,karen@example.com,31
12,Liam Harris,liam@example.com,26
13,Mia Clark,mia@example.com,32
14,Noah Lewis,noah@example.com,21
15,Olivia Walker,olivia@example.com,36
16,Paul Hall,paul@example.com,34
17,Quinn Young,quinn@example.com,23
18,Rachel Allen,rachel@example.com,30
19,Sam King,sam@example.com,27
20,Tina Wright,tina@example.com,29
21,Victor Scott,victor@example.com,38
22,Wendy Green,wendy@example.com,26
23,Xavier Adams,xavier@example.com,32
24,Yara Nelson,yara@example.com,35
25,Zachar Carter,zack@example.com,28